{
    "1": {
        "perfs": {
            "1": [
                0.16600000858306885,
                0.2980000078678131,
                0.3020000159740448,
                0.18000000715255737,
                0.2680000066757202,
                0.18400001525878906,
                0.21400001645088196,
                0.23400001227855682,
                0.18200001120567322,
                0.18200001120567322
            ],
            "2": [
                0.39000001549720764,
                0.3020000159740448,
                0.36400002241134644,
                0.3460000157356262,
                0.34200000762939453,
                0.36400002241134644,
                0.29200002551078796,
                0.3140000104904175,
                0.3140000104904175,
                0.30400002002716064
            ],
            "5": [
                0.4280000329017639,
                0.43800002336502075,
                0.4320000112056732,
                0.38600000739097595,
                0.4740000367164612,
                0.4520000219345093,
                0.4180000126361847,
                0.4000000059604645,
                0.4540000259876251,
                0.4220000207424164
            ],
            "10": [
                0.4580000340938568,
                0.4520000219345093,
                0.41600000858306885,
                0.4700000286102295,
                0.492000013589859,
                0.48000001907348633,
                0.4740000367164612,
                0.4620000123977661,
                0.45600003004074097,
                0.4580000340938568
            ],
            "20": [
                0.45000001788139343,
                0.46400001645088196,
                0.46800002455711365,
                0.5120000243186951,
                0.46800002455711365,
                0.5040000081062317,
                0.47200003266334534,
                0.492000013589859,
                0.4960000216960907,
                0.48000001907348633
            ],
            "30": [
                0.5260000228881836,
                0.4880000352859497,
                0.492000013589859,
                0.4880000352859497,
                0.5,
                0.5,
                0.5120000243186951,
                0.534000039100647,
                0.5020000338554382,
                0.5240000486373901
            ],
            "40": [
                0.5420000553131104,
                0.5180000066757202,
                0.49800002574920654,
                0.5300000309944153,
                0.5200000405311584,
                0.5220000147819519,
                0.5060000419616699,
                0.5180000066757202,
                0.5320000052452087,
                0.5139999985694885
            ],
            "50": [
                0.5200000405311584,
                0.49800002574920654,
                0.492000013589859,
                0.5320000052452087,
                0.5320000052452087,
                0.5320000052452087,
                0.5160000324249268,
                0.5139999985694885,
                0.5139999985694885,
                0.5120000243186951
            ],
            "100": [
                0.5040000081062317,
                0.5040000081062317,
                0.5040000081062317,
                0.5040000081062317,
                0.5040000081062317,
                0.5040000081062317,
                0.5040000081062317,
                0.5040000081062317,
                0.5040000081062317,
                0.5040000081062317
            ]
        },
        "Accuracy": 0
    }
}